[
  {
    "id_state": 5,
    "state_name": "Antioquia"
  },
  {
    "id_state": 8,
    "state_name": "Atlantico"
  },
  {
    "id_state": 13,
    "state_name": "Bolivar"
  },
  {
    "id_state": 15,
    "state_name": "Boyaca"
  },
  {
    "id_state": 17,
    "state_name": "Caldas"
  },
  {
    "id_state": 18,
    "state_name": "Caqueta"
  },
  {
    "id_state": 19,
    "state_name": "Cauca"
  },
  {
    "id_state": 20,
    "state_name": "Cesar"
  },
  {
    "id_state": 23,
    "state_name": "Cordoba"
  },
  {
    "id_state": 25,
    "state_name": "Cundinamarca"
  },
  {
    "id_state": 27,
    "state_name": "Choco"
  },
  {
    "id_state": 41,
    "state_name": "Huila"
  },
  {
    "id_state": 44,
    "state_name": "LaGuajira"
  },
  {
    "id_state": 47,
    "state_name": "Magdalena"
  },
  {
    "id_state": 50,
    "state_name": "Meta"
  },
  {
    "id_state": 52,
    "state_name": "Narino"
  },
  {
    "id_state": 63,
    "state_name": "Quindio"
  },
  {
    "id_state": 66,
    "state_name": "Risaralda"
  },
  {
    "id_state": 68,
    "state_name": "Santander"
  },
  {
    "id_state": 70,
    "state_name": "Sucre"
  },
  {
    "id_state": 73,
    "state_name": "Tolima"
  },
  {
    "id_state": 81,
    "state_name": "Arauca"
  },
  {
    "id_state": 85,
    "state_name": "Casanare"
  },
  {
    "id_state": 86,
    "state_name": "Putumayo"
  },
  {
    "id_state": 91,
    "state_name": "Amazonas"
  },
  {
    "id_state": 94,
    "state_name": "Guainia"
  },
  {
    "id_state": 95,
    "state_name": "Guaviare"
  },
  {
    "id_state": 97,
    "state_name": "Vaupes"
  },
  {
    "id_state": 99,
    "state_name": "Vichada"
  },
  {
    "id_state": 88,
    "state_name": "San Andres Providencia and Santa Catalina"
  },
  {
    "id_state": 76,
    "state_name": "Valle del Cauca"
  },
  {
    "id_state": 54,
    "state_name": "Norte de Santander"
  },
  {
    "id_state": 11,
    "state_name": "Bogota Dc"
  }
]
